[{"model": "contenttypes.contenttype", "pk": 1, "fields": {"app_label": "admin", "model": "logentry"}}, {"model": "contenttypes.contenttype", "pk": 2, "fields": {"app_label": "auth", "model": "permission"}}, {"model": "contenttypes.contenttype", "pk": 3, "fields": {"app_label": "auth", "model": "group"}}, {"model": "contenttypes.contenttype", "pk": 4, "fields": {"app_label": "auth", "model": "user"}}, {"model": "contenttypes.contenttype", "pk": 5, "fields": {"app_label": "contenttypes", "model": "contenttype"}}, {"model": "contenttypes.contenttype", "pk": 6, "fields": {"app_label": "sessions", "model": "session"}}, {"model": "contenttypes.contenttype", "pk": 7, "fields": {"app_label": "quarto", "model": "user"}}, {"model": "contenttypes.contenttype", "pk": 8, "fields": {"app_label": "quarto", "model": "room"}}, {"model": "contenttypes.contenttype", "pk": 9, "fields": {"app_label": "authtoken", "model": "token"}}, {"model": "contenttypes.contenttype", "pk": 10, "fields": {"app_label": "knox", "model": "authtoken"}}, {"model": "sessions.session", "pk": "5nueyv9lp2tldpuq6jxztz3v6pzp8bvo", "fields": {"session_data": "MzQwZmRkNTkzZTRjZDk4MDVmNTM2ZDcyY2ZlYzIzOWRlZWViYzBhODp7Il9hdXRoX3VzZXJfaWQiOiI5IiwiX2F1dGhfdXNlcl9iYWNrZW5kIjoiZGphbmdvLmNvbnRyaWIuYXV0aC5iYWNrZW5kcy5Nb2RlbEJhY2tlbmQiLCJfYXV0aF91c2VyX2hhc2giOiI4Zjc4MDliNzIxMjBkODc0NmMzZDdlNjcyYzY5ZjIxYzUwMTE1MTZhIn0=", "expire_date": "2020-07-21T22:03:39.468Z"}}, {"model": "sessions.session", "pk": "ivc1rjyv2m0lzwfzbi23oqtus6igrzwm", "fields": {"session_data": "YWE2NTllNGEwNTk4ZGNmNDIxNDE1MzNjYzVjOTY1ODgwYTcxOThiNTp7Il9hdXRoX3VzZXJfaWQiOiIxMCIsIl9hdXRoX3VzZXJfYmFja2VuZCI6ImRqYW5nby5jb250cmliLmF1dGguYmFja2VuZHMuTW9kZWxCYWNrZW5kIiwiX2F1dGhfdXNlcl9oYXNoIjoiNzJlOWE5YTA1ZDQ1YTEyNWVlNmJkM2YyNTI5Y2IxMDNlNWFmYjMzMCJ9", "expire_date": "2020-07-21T22:20:14.021Z"}}, {"model": "sessions.session", "pk": "l9c5pqrnmwdfhmoh5440ajgddpctyk2r", "fields": {"session_data": "YWVmYTZlMjM5ZGM1YzU3YzBjNTM5Nzg4MzQ4MzRmN2IxYzE4NTNjMzp7Il9hdXRoX3VzZXJfaWQiOiIxMSIsIl9hdXRoX3VzZXJfYmFja2VuZCI6ImRqYW5nby5jb250cmliLmF1dGguYmFja2VuZHMuTW9kZWxCYWNrZW5kIiwiX2F1dGhfdXNlcl9oYXNoIjoiYTEyMmI2ZTU5MDI4MmEzOGRmZTg0Yzc1NGMzYzAxZjUwNWUxY2E2YSJ9", "expire_date": "2020-07-21T22:32:24.700Z"}}, {"model": "sessions.session", "pk": "ohxkmujo90f9xpmjhxukvldz4zdhn8cn", "fields": {"session_data": "NzdiYzk0MjZjNzUwN2VmM2Q1ZWE0NjExMTJiMzA2ZjA3ZTE0NTcxMjp7Il9hdXRoX3VzZXJfaWQiOiIxIiwiX2F1dGhfdXNlcl9iYWNrZW5kIjoiZGphbmdvLmNvbnRyaWIuYXV0aC5iYWNrZW5kcy5Nb2RlbEJhY2tlbmQiLCJfYXV0aF91c2VyX2hhc2giOiI3ZDEwNGI4NDk2ODg2NWI4YjhiOGUzYmEyN2U3OTU2MDlmNGNkZWZjIn0=", "expire_date": "2020-07-20T21:32:59.371Z"}}, {"model": "quarto.user", "pk": 4, "fields": {"name": "Citlalli", "lastname": "Su\u00e1rez", "password": "password", "email": "cs@hotmail.com", "host": true, "location": "Bogot\u00e1", "description": "Lorem ipsum dolor sit amet, consectetur adipiscing elit. Proin blandit felis et orci elementum, sed sollicitudin purus dignissim. Cras arcu est, hendrerit id metus sed, vehicula pulvinar est. Vivamus facilisis mauris nec nunc efficitur blandit. Cras consectetur suscipit placerat. Phasellus sodales hendrerit urna, sit amet semper erat elementum vel. Fusce ut faucibus mi. Vestibulum tincidunt felis id velit molestie, sed molestie turpis vulputate.", "phone": 1112223344, "active": true, "favorites": "", "picture": "/media/rooms/pictures/user_profile.png", "date": "2020-07-02T02:46:55.615Z"}}, {"model": "quarto.user", "pk": 5, "fields": {"name": "Christian", "lastname": "Garc\u00eda", "password": "5555555555", "email": "cg@hotmail.com", "host": true, "location": "Bogot\u00e1", "description": "It is a long established fact that a reader will be distracted by the readable content of a page when looking at its layout. The point of using Lorem Ipsum is that it has a more-or-less normal distribution of letters, as opposed to using 'Content here, content here', making it look like readable English. Many desktop publishing packages and web page editors now use Lorem Ipsum as their default model text, and a search for 'lorem ipsum' will uncover many web sites still in their infancy. Various versions have evolved over the years, sometimes by accident, sometimes on purpose (injected humour and the like).", "phone": 1112223344, "active": true, "favorites": "", "picture": "", "date": "2020-07-02T03:06:04.888Z"}}, {"model": "quarto.user", "pk": 7, "fields": {"name": "David", "lastname": "Huerta", "password": "davidhuerta", "email": "dh@hotmail.com", "host": true, "location": "Bogot\u00e1", "description": "There are many variations of passages of Lorem Ipsum available, but the majority have suffered alteration in some form, by injected humour, or randomised words which don't look even slightly believable. If you are going to use a passage of Lorem Ipsum, you need to be sure there isn't anything embarrassing hidden in the middle of text. All the Lorem Ipsum generators on the Internet tend to repeat predefined chunks as necessary, making this the first true generator on the Internet. It uses a dictionary of over 200 Latin words, combined with a handful of model sentence structures, to generate Lorem Ipsum which looks reasonable. The generated Lorem Ipsum is therefore always free from repetition, injected humour, or non-characteristic words etc.", "phone": 11111111111111, "active": true, "favorites": "", "picture": "", "date": "2020-07-02T14:58:01.245Z"}}, {"model": "quarto.user", "pk": 8, "fields": {"name": "Jorge", "lastname": "Salgado", "password": "jorgesalgado", "email": "js@hotmail.com", "host": true, "location": "Bogot\u00e1", "description": "Contrary to popular belief, Lorem Ipsum is not simply random text. It has roots in a piece of classical Latin literature from 45 BC, making it over 2000 years old. Richard McClintock, a Latin professor at Hampden-Sydney College in Virginia, looked up one of the more obscure Latin words, consectetur, from a Lorem Ipsum passage, and going through the cites of the word in classical literature, discovered the undoubtable source. Lorem Ipsum comes from sections 1.10.32 and 1.10.33 of \"de Finibus Bonorum et Malorum\" (The Extremes of Good and Evil) by Cicero, written in 45 BC. This book is a treatise on the theory of ethics, very popular during the Renaissance. The first line of Lorem Ipsum, \"Lorem ipsum dolor sit amet..\", comes from a line in section 1.10.32.", "phone": 7575757575, "active": true, "favorites": "", "picture": "", "date": "2020-07-02T15:12:53.119Z"}}, {"model": "quarto.user", "pk": 9, "fields": {"name": "Anthony", "lastname": "Luque", "password": "anthonyluque", "email": "al@hotmail.com", "host": true, "location": "Bogot\u00e1", "description": "Lorem Ipsum is simply dummy text of the printing and typesetting industry. Lorem Ipsum has been the industry's standard dummy text ever since the 1500s, when an unknown printer took a galley of type and scrambled it to make a type specimen book. It has survived not only five centuries, but also the leap into electronic typesetting, remaining essentially unchanged. It was popularised in the 1960s with the release of Letraset sheets containing Lorem Ipsum passages, and more recently with desktop publishing software like Aldus PageMaker including versions of Lorem Ipsum.", "phone": 111111111, "active": true, "favorites": "", "picture": "", "date": "2020-07-02T15:20:42.798Z"}}, {"model": "quarto.user", "pk": 10, "fields": {"name": "Jhon", "lastname": "Doe", "password": "johndoe", "email": "jd@hotmail.com", "host": false, "location": "Bogot\u00e1", "description": "", "phone": 76767676, "active": true, "favorites": "", "picture": "", "date": "2020-07-02T19:39:17.396Z"}}, {"model": "quarto.user", "pk": 11, "fields": {"name": "Tony", "lastname": "Ram\u00edrez", "password": "tonyramirez", "email": "tr@hotmail.com", "host": false, "location": "Bogot\u00e1", "description": "", "phone": 1112223344, "active": true, "favorites": "", "picture": "", "date": "2020-07-02T19:39:50.496Z"}}, {"model": "quarto.user", "pk": 12, "fields": {"name": "Christian", "lastname": "Vallejo", "password": "christianvallejo", "email": "cv@hotmail.com", "host": false, "location": "Bogot\u00e1", "description": "", "phone": 1112223344, "active": true, "favorites": "", "picture": "", "date": "2020-07-02T19:40:28.139Z"}}, {"model": "quarto.user", "pk": 13, "fields": {"name": "Carlos", "lastname": "Huerta", "password": "carloshuerta", "email": "ch@hotmail.com", "host": false, "location": "Bogot\u00e1", "description": "", "phone": 90909009, "active": true, "favorites": "", "picture": "", "date": "2020-07-02T19:41:07.086Z"}}, {"model": "quarto.user", "pk": 14, "fields": {"name": "Erick", "lastname": "Salgado", "password": "ericksalgado", "email": "es@hotamil.com", "host": false, "location": "Bogot\u00e1", "description": "", "phone": 1112223344, "active": true, "favorites": "", "picture": "", "date": "2020-07-02T19:41:31.901Z"}}, {"model": "quarto.user", "pk": 15, "fields": {"name": "Mar\u00eda", "lastname": "Antonieta", "password": "password", "email": "ma@hotmail.com", "host": true, "location": "Bogot\u00e1", "description": "Lorem ipsum dolor sit amet, consectetur adipiscing elit. Proin blandit felis et orci elementum, sed sollicitudin purus dignissim. Cras arcu est, hendrerit id metus sed, vehicula pulvinar est. Vivamus facilisis mauris nec nunc efficitur blandit. Cras consectetur suscipit placerat. Phasellus sodales hendrerit urna, sit amet semper erat elementum vel. Fusce ut faucibus mi. Vestibulum tincidunt felis id velit molestie, sed molestie turpis vulputate.", "phone": 1112223344, "active": true, "favorites": "", "picture": "/media/rooms/pictures/user_profile.png", "date": "2020-07-03T20:46:27.262Z"}}, {"model": "quarto.room", "pk": 1, "fields": {"id_user": 4, "created_date": "2020-07-02T17:14:24.479Z", "price": 999999, "nearest_places": "Plaza de Los M\u00e1rtires", "mts2": "10mts2", "furniture": "Furnished", "private_bath": true, "wifi": true, "closet": true, "kitchen": true, "pet": true, "washing_machine": true, "furnished": true, "tv": true, "smoke": true, "couple": true, "family_atmosphere": false, "description": "", "available": true, "picture": "media/rooms/pictures/mujer.jpg"}}, {"model": "quarto.room", "pk": 2, "fields": {"id_user": 7, "created_date": "2020-07-02T17:42:28.998Z", "price": 999906, "nearest_places": "Plaza Fundacional de Suba", "mts2": "10mts2", "furniture": "", "private_bath": true, "wifi": false, "closet": false, "kitchen": false, "pet": false, "washing_machine": true, "furnished": false, "tv": false, "smoke": false, "couple": true, "family_atmosphere": false, "description": "", "available": false, "picture": "/media/rooms/pictures/photo.png"}}, {"model": "quarto.room", "pk": 3, "fields": {"id_user": 5, "created_date": "2020-07-02T19:43:00.181Z", "price": 180000, "nearest_places": "Plazuela Rufino Cuervo", "mts2": "10mts2", "furniture": "Furnished", "private_bath": true, "wifi": true, "closet": true, "kitchen": true, "pet": true, "washing_machine": false, "furnished": false, "tv": true, "smoke": false, "couple": false, "family_atmosphere": false, "description": "Fusce id vulputate lorem, vitae tempor elit. Vivamus sagittis at leo a vehicula. Proin iaculis eget diam at tincidunt. Fusce volutpat elit sit amet velit vestibulum, id convallis dolor cursus. Praesent auctor nulla orci. Nunc lectus magna, dignissim a varius et, maximus mollis metus. Vivamus imperdiet eleifend tempor. Cras tempus gravida cursus. Donec tempor lacus vitae egestas tempor. Etiam tempus velit et tortor ullamcorper, faucibus rhoncus dolor eleifend.", "available": true, "picture": "/media/rooms/pictures/photo.png"}}, {"model": "quarto.room", "pk": 4, "fields": {"id_user": 8, "created_date": "2020-07-02T19:43:45.370Z", "price": 123456, "nearest_places": "Plazuela Rufino Cuervo", "mts2": "10mts2", "furniture": "", "private_bath": true, "wifi": false, "closet": false, "kitchen": false, "pet": true, "washing_machine": false, "furnished": false, "tv": false, "smoke": true, "couple": false, "family_atmosphere": false, "description": "Lorem Ipsum \u00e8 un testo segnaposto utilizzato nel settore della tipografia e della stampa. Lorem Ipsum \u00e8 considerato il testo segnaposto standard sin dal sedicesimo secolo, quando un anonimo tipografo prese una cassetta di caratteri e li assembl\u00f2 per preparare un testo campione. \u00c8 sopravvissuto non solo a pi\u00f9 di cinque secoli, ma anche al passaggio alla videoimpaginazione, pervenendoci sostanzialmente inalterato. Fu reso popolare, negli anni \u201960, con la diffusione dei fogli di caratteri trasferibili \u201cLetraset\u201d, che contenevano passaggi del Lorem Ipsum, e pi\u00f9 recentemente da software di impaginazione come Aldus PageMaker, che includeva versioni del Lorem Ipsum.", "available": true, "picture": "/media/rooms/pictures/photo.png"}}, {"model": "quarto.room", "pk": 5, "fields": {"id_user": 10, "created_date": "2020-07-02T19:44:19.592Z", "price": 777666555, "nearest_places": "Plaza Fundacional de Suba", "mts2": "10mts2", "furniture": "Furnished", "private_bath": false, "wifi": true, "closet": false, "kitchen": false, "pet": false, "washing_machine": false, "furnished": false, "tv": false, "smoke": true, "couple": false, "family_atmosphere": false, "description": "\u00c8 universalmente riconosciuto che un lettore che osserva il layout di una pagina viene distratto dal contenuto testuale se questo \u00e8 leggibile. Lo scopo dell\u2019utilizzo del Lorem Ipsum \u00e8 che offre una normale distribuzione delle lettere (al contrario di quanto avviene se si utilizzano brevi frasi ripetute, ad esempio \u201ctesto qui\u201d), apparendo come un normale blocco di testo leggibile. Molti software di impaginazione e di web design utilizzano Lorem Ipsum come testo modello. Molte versioni del testo sono state prodotte negli anni, a volte casualmente, a volte di proposito (ad esempio inserendo passaggi ironici).", "available": true, "picture": "/media/rooms/pictures/photo.png"}}, {"model": "quarto.room", "pk": 6, "fields": {"id_user": 11, "created_date": "2020-07-02T19:44:57.516Z", "price": 333333, "nearest_places": "Plaza Fundacional de Suba", "mts2": "10mts2", "furniture": "", "private_bath": true, "wifi": false, "closet": false, "kitchen": false, "pet": true, "washing_machine": true, "furnished": true, "tv": true, "smoke": false, "couple": true, "family_atmosphere": true, "description": "Esistono innumerevoli variazioni dei passaggi del Lorem Ipsum, ma la maggior parte hanno subito delle variazioni del tempo, a causa dell\u2019inserimento di passaggi ironici, o di sequenze casuali di caratteri palesemente poco verosimili. Se si decide di utilizzare un passaggio del Lorem Ipsum, \u00e8 bene essere certi che non contenga nulla di imbarazzante. In genere, i generatori di testo segnaposto disponibili su internet tendono a ripetere paragrafi predefiniti, rendendo questo il primo vero generatore automatico su intenet. Infatti utilizza un dizionario di oltre 200 vocaboli latini, combinati con un insieme di modelli di strutture di periodi, per generare passaggi di testo verosimili. Il testo cos\u00ec generato \u00e8 sempre privo di ripetizioni, parole imbarazzanti o fuori luogo ecc.", "available": false, "picture": "/media/rooms/pictures/photo.png"}}, {"model": "quarto.room", "pk": 7, "fields": {"id_user": 12, "created_date": "2020-07-02T19:45:24.702Z", "price": 637474, "nearest_places": "Plaza de Los M\u00e1rtires", "mts2": "10mts2", "furniture": "", "private_bath": true, "wifi": true, "closet": true, "kitchen": true, "pet": true, "washing_machine": true, "furnished": true, "tv": true, "smoke": true, "couple": true, "family_atmosphere": false, "description": "", "available": false, "picture": "/media/rooms/pictures/photo.png"}}, {"model": "quarto.room", "pk": 8, "fields": {"id_user": 13, "created_date": "2020-07-02T19:45:48.473Z", "price": 0, "nearest_places": "Plazuela Rufino Cuervo", "mts2": "10mts2", "furniture": "", "private_bath": true, "wifi": true, "closet": false, "kitchen": false, "pet": false, "washing_machine": false, "furnished": false, "tv": false, "smoke": false, "couple": false, "family_atmosphere": false, "description": "", "available": false, "picture": "/media/rooms/pictures/photo.png"}}, {"model": "quarto.room", "pk": 9, "fields": {"id_user": 14, "created_date": "2020-07-02T19:46:30.745Z", "price": 100000, "nearest_places": "Plazuela Rufino Cuervo", "mts2": "10mts2", "furniture": "Some", "private_bath": true, "wifi": false, "closet": false, "kitchen": true, "pet": false, "washing_machine": true, "furnished": false, "tv": true, "smoke": false, "couple": false, "family_atmosphere": true, "description": "On sait depuis longtemps que travailler avec du texte lisible et contenant du sens est source de distractions, et emp\u00eache de se concentrer sur la mise en page elle-m\u00eame. L'avantage du Lorem Ipsum sur un texte g\u00e9n\u00e9rique comme 'Du texte. Du texte. Du texte.' est qu'il poss\u00e8de une distribution de lettres plus ou moins normale, et en tout cas comparable avec celle du fran\u00e7ais standard. De nombreuses suites logicielles de mise en page ou \u00e9diteurs de sites Web ont fait du Lorem Ipsum leur faux texte par d\u00e9faut, et une recherche pour 'Lorem Ipsum' vous conduira vers de nombreux sites qui n'en sont encore qu'\u00e0 leur phase de construction. Plusieurs versions sont apparues avec le temps, parfois par accident, souvent intentionnellement (histoire d'y rajouter de petits clins d'oeil, voire des phrases embarassantes).", "available": true, "picture": "/media/rooms/pictures/photo.png"}}, {"model": "quarto.room", "pk": 10, "fields": {"id_user": 9, "created_date": "2020-07-02T19:47:02.579Z", "price": 44444445, "nearest_places": "Plaza de Los M\u00e1rtires", "mts2": "10mts2", "furniture": "", "private_bath": true, "wifi": true, "closet": false, "kitchen": false, "pet": false, "washing_machine": true, "furnished": true, "tv": false, "smoke": false, "couple": true, "family_atmosphere": false, "description": "", "available": true, "picture": "/media/rooms/pictures/photo.png"}}, {"model": "quarto.room", "pk": 11, "fields": {"id_user": 9, "created_date": "2020-07-02T19:47:14.888Z", "price": 999999, "nearest_places": "Plazuela Rufino Cuervo", "mts2": "10mts2", "furniture": "", "private_bath": false, "wifi": false, "closet": false, "kitchen": false, "pet": false, "washing_machine": false, "furnished": false, "tv": false, "smoke": false, "couple": false, "family_atmosphere": false, "description": "", "available": true, "picture": "/media/rooms/pictures/photo.png"}}, {"model": "auth.permission", "pk": 1, "fields": {"name": "Can add log entry", "content_type": 1, "codename": "add_logentry"}}, {"model": "auth.permission", "pk": 2, "fields": {"name": "Can change log entry", "content_type": 1, "codename": "change_logentry"}}, {"model": "auth.permission", "pk": 3, "fields": {"name": "Can delete log entry", "content_type": 1, "codename": "delete_logentry"}}, {"model": "auth.permission", "pk": 4, "fields": {"name": "Can view log entry", "content_type": 1, "codename": "view_logentry"}}, {"model": "auth.permission", "pk": 5, "fields": {"name": "Can add permission", "content_type": 2, "codename": "add_permission"}}, {"model": "auth.permission", "pk": 6, "fields": {"name": "Can change permission", "content_type": 2, "codename": "change_permission"}}, {"model": "auth.permission", "pk": 7, "fields": {"name": "Can delete permission", "content_type": 2, "codename": "delete_permission"}}, {"model": "auth.permission", "pk": 8, "fields": {"name": "Can view permission", "content_type": 2, "codename": "view_permission"}}, {"model": "auth.permission", "pk": 9, "fields": {"name": "Can add group", "content_type": 3, "codename": "add_group"}}, {"model": "auth.permission", "pk": 10, "fields": {"name": "Can change group", "content_type": 3, "codename": "change_group"}}, {"model": "auth.permission", "pk": 11, "fields": {"name": "Can delete group", "content_type": 3, "codename": "delete_group"}}, {"model": "auth.permission", "pk": 12, "fields": {"name": "Can view group", "content_type": 3, "codename": "view_group"}}, {"model": "auth.permission", "pk": 13, "fields": {"name": "Can add user", "content_type": 4, "codename": "add_user"}}, {"model": "auth.permission", "pk": 14, "fields": {"name": "Can change user", "content_type": 4, "codename": "change_user"}}, {"model": "auth.permission", "pk": 15, "fields": {"name": "Can delete user", "content_type": 4, "codename": "delete_user"}}, {"model": "auth.permission", "pk": 16, "fields": {"name": "Can view user", "content_type": 4, "codename": "view_user"}}, {"model": "auth.permission", "pk": 17, "fields": {"name": "Can add content type", "content_type": 5, "codename": "add_contenttype"}}, {"model": "auth.permission", "pk": 18, "fields": {"name": "Can change content type", "content_type": 5, "codename": "change_contenttype"}}, {"model": "auth.permission", "pk": 19, "fields": {"name": "Can delete content type", "content_type": 5, "codename": "delete_contenttype"}}, {"model": "auth.permission", "pk": 20, "fields": {"name": "Can view content type", "content_type": 5, "codename": "view_contenttype"}}, {"model": "auth.permission", "pk": 21, "fields": {"name": "Can add session", "content_type": 6, "codename": "add_session"}}, {"model": "auth.permission", "pk": 22, "fields": {"name": "Can change session", "content_type": 6, "codename": "change_session"}}, {"model": "auth.permission", "pk": 23, "fields": {"name": "Can delete session", "content_type": 6, "codename": "delete_session"}}, {"model": "auth.permission", "pk": 24, "fields": {"name": "Can view session", "content_type": 6, "codename": "view_session"}}, {"model": "auth.permission", "pk": 25, "fields": {"name": "Can add user", "content_type": 7, "codename": "add_user"}}, {"model": "auth.permission", "pk": 26, "fields": {"name": "Can change user", "content_type": 7, "codename": "change_user"}}, {"model": "auth.permission", "pk": 27, "fields": {"name": "Can delete user", "content_type": 7, "codename": "delete_user"}}, {"model": "auth.permission", "pk": 28, "fields": {"name": "Can view user", "content_type": 7, "codename": "view_user"}}, {"model": "auth.permission", "pk": 29, "fields": {"name": "Can add room", "content_type": 8, "codename": "add_room"}}, {"model": "auth.permission", "pk": 30, "fields": {"name": "Can change room", "content_type": 8, "codename": "change_room"}}, {"model": "auth.permission", "pk": 31, "fields": {"name": "Can delete room", "content_type": 8, "codename": "delete_room"}}, {"model": "auth.permission", "pk": 32, "fields": {"name": "Can view room", "content_type": 8, "codename": "view_room"}}, {"model": "auth.permission", "pk": 33, "fields": {"name": "Can add Token", "content_type": 9, "codename": "add_token"}}, {"model": "auth.permission", "pk": 34, "fields": {"name": "Can change Token", "content_type": 9, "codename": "change_token"}}, {"model": "auth.permission", "pk": 35, "fields": {"name": "Can delete Token", "content_type": 9, "codename": "delete_token"}}, {"model": "auth.permission", "pk": 36, "fields": {"name": "Can view Token", "content_type": 9, "codename": "view_token"}}, {"model": "auth.permission", "pk": 37, "fields": {"name": "Can add auth token", "content_type": 10, "codename": "add_authtoken"}}, {"model": "auth.permission", "pk": 38, "fields": {"name": "Can change auth token", "content_type": 10, "codename": "change_authtoken"}}, {"model": "auth.permission", "pk": 39, "fields": {"name": "Can delete auth token", "content_type": 10, "codename": "delete_authtoken"}}, {"model": "auth.permission", "pk": 40, "fields": {"name": "Can view auth token", "content_type": 10, "codename": "view_authtoken"}}, {"model": "auth.user", "pk": 1, "fields": {"password": "pbkdf2_sha256$180000$CuEa9oIIzLZH$QsnCIr84QBqtP4DnD+mlVmCc7HbTo2mmzafTRTBizBE=", "last_login": "2020-07-06T21:32:59.369Z", "is_superuser": true, "username": "jasosalgado", "first_name": "", "last_name": "", "email": "jaso_98@hotmail.com", "is_staff": true, "is_active": true, "date_joined": "2020-07-01T21:47:24.453Z", "groups": [], "user_permissions": []}}, {"model": "auth.user", "pk": 2, "fields": {"password": "pbkdf2_sha256$180000$F1AXCUV5erSX$U9cjlL1VQ6SEdE0yLpzwA5LhNdNhD3s1XfZ5BFnAIag=", "last_login": null, "is_superuser": true, "username": "jaso", "first_name": "", "last_name": "", "email": "jaso@hotmail.com", "is_staff": true, "is_active": true, "date_joined": "2020-07-06T14:22:54.013Z", "groups": [], "user_permissions": []}}, {"model": "auth.user", "pk": 3, "fields": {"password": "pbkdf2_sha256$180000$zXV3WV6tqKJa$yWVF9duFQEmOB3u/ViNc5Vcyt1POzAuAnQhyN2wVsQw=", "last_login": null, "is_superuser": true, "username": "anthony", "first_name": "Anthony", "last_name": "Luque", "email": "anthony@hotmail.com", "is_staff": false, "is_active": true, "date_joined": "2020-07-06T21:34:08Z", "groups": [], "user_permissions": []}}, {"model": "auth.user", "pk": 4, "fields": {"password": "pbkdf2_sha256$180000$l25MY9DbGCjU$Te83m+g9TkUKDQXLtJBB8I27+wpVGIqbNja0uNucS5U=", "last_login": null, "is_superuser": true, "username": "betotoro", "first_name": "Beto", "last_name": "", "email": "beto@hotmail.com", "is_staff": false, "is_active": true, "date_joined": "2020-07-06T21:35:36Z", "groups": [], "user_permissions": []}}, {"model": "auth.user", "pk": 5, "fields": {"password": "pbkdf2_sha256$180000$ZhZYbJHegKeO$+b2Ylj08aRH3CWltDLypn81y05wDo9QjMLP3WYxIsFE=", "last_login": null, "is_superuser": true, "username": "migue", "first_name": "Miguel", "last_name": "", "email": "migue@hotmail.com", "is_staff": false, "is_active": true, "date_joined": "2020-07-06T21:36:11Z", "groups": [], "user_permissions": []}}, {"model": "auth.user", "pk": 6, "fields": {"password": "pbkdf2_sha256$180000$eBanUSLzNsFK$N8fqPqT423/9g2h3X5Xb/8u1IL2Re21AMRfzZdULiMw=", "last_login": "2020-07-07T21:45:34.064Z", "is_superuser": false, "username": "admin", "first_name": "", "last_name": "", "email": "admin@bot.com", "is_staff": false, "is_active": true, "date_joined": "2020-07-07T21:38:06.206Z", "groups": [], "user_permissions": []}}, {"model": "auth.user", "pk": 7, "fields": {"password": "pbkdf2_sha256$180000$zocNpYscDpwV$QtSejgxLxnW/1rft2F6xokk+hsBjxHMVhiqfpCi4Jls=", "last_login": "2020-07-07T21:51:18.435Z", "is_superuser": false, "username": "AnthonyLuque", "first_name": "", "last_name": "", "email": "anthony@hotmail.com", "is_staff": false, "is_active": true, "date_joined": "2020-07-07T21:49:29.749Z", "groups": [], "user_permissions": []}}, {"model": "auth.user", "pk": 8, "fields": {"password": "pbkdf2_sha256$180000$EWVnViydWAOM$VqwNqD7GtKHmAmaQW/q+L0T3c9UncXLJNlP4esUlIkQ=", "last_login": "2020-07-07T21:59:54.205Z", "is_superuser": false, "username": "Anthony98", "first_name": "", "last_name": "", "email": "anthony@hotmail.com", "is_staff": false, "is_active": true, "date_joined": "2020-07-07T21:58:43.820Z", "groups": [], "user_permissions": []}}, {"model": "auth.user", "pk": 9, "fields": {"password": "pbkdf2_sha256$180000$22uibH8gajWD$Tw66CPHwuCCLA257ofXkAlpEbHmfZ/DqLJ4J50h47E4=", "last_login": "2020-07-07T22:03:39.466Z", "is_superuser": false, "username": "jorgearturo", "first_name": "", "last_name": "", "email": "jaso@hotmail.com", "is_staff": false, "is_active": true, "date_joined": "2020-07-07T22:02:49.463Z", "groups": [], "user_permissions": []}}, {"model": "auth.user", "pk": 10, "fields": {"password": "pbkdf2_sha256$180000$jcl0fXtSCQmh$HbpN4bs6sNN5UHVR3Vfj9hEdJ9J8m/YqTFfYotFw1iI=", "last_login": "2020-07-07T22:20:14.001Z", "is_superuser": false, "username": "lupita", "first_name": "", "last_name": "", "email": "lupita@hotmail.com", "is_staff": false, "is_active": true, "date_joined": "2020-07-07T22:19:39.968Z", "groups": [], "user_permissions": []}}, {"model": "auth.user", "pk": 11, "fields": {"password": "pbkdf2_sha256$180000$bCQ0yzacAj2t$EuMs4n6C1G5VAOElW2RwceFHEiiEGdvnvE2X4xEhVOo=", "last_login": "2020-07-07T22:32:24.684Z", "is_superuser": false, "username": "rigoberto", "first_name": "", "last_name": "", "email": "rigoberto@hotmail.com", "is_staff": false, "is_active": true, "date_joined": "2020-07-07T22:31:49.947Z", "groups": [], "user_permissions": []}}, {"model": "authtoken.token", "pk": "d51f64c9ceb8602cde79ee05050e912f47baf1e5", "fields": {"user": 1, "created": "2020-07-02T14:39:53.495Z"}}, {"model": "knox.authtoken", "pk": "24336ce66464809b4e959aa12716ff12a6f6544395a0bec0d51e97f00507c0639053fa6f4ae6e4cd4187337d1d212a9cdb90da362544a12337071587c31e396e", "fields": {"token_key": "4ae3ee63", "salt": "b67b2cb32d1c0844", "user": 8, "created": "2020-07-07T21:59:54.202Z", "expiry": "2020-07-08T07:59:54.201Z"}}, {"model": "knox.authtoken", "pk": "2775054c525422b7cf20c42fecab796fb071344cb48c5394e35f1a3ee2f9d863210142e27f0c613fafbe4d2f13240cfe49537370a08596428ada8597bca054c3", "fields": {"token_key": "0095f79e", "salt": "ed1cea7aa41a98ff", "user": 9, "created": "2020-07-07T22:02:49.677Z", "expiry": "2020-07-08T08:02:49.676Z"}}, {"model": "knox.authtoken", "pk": "29a9903e37a7c8c87f6f3455ec7798d40e38152f360e22b9a9f94864768f0948eb94b4298e9f5189c1ba8c3ffd8f1887f095dcbd4866185ae432dfff91ca9df4", "fields": {"token_key": "d5cf25d0", "salt": "ea728d4f4848ffd6", "user": 11, "created": "2020-07-07T22:32:24.682Z", "expiry": "2020-07-08T08:32:24.681Z"}}, {"model": "knox.authtoken", "pk": "31876418d061c18086d763c24ea555a1160901e1e0b26e3c6d075ea1870a165a606cd38221e27d99eae7d300f1277cf8bde47bf967e551d0608712dc1e227c97", "fields": {"token_key": "db89779b", "salt": "00a36de88dbfd031", "user": 7, "created": "2020-07-07T21:49:29.853Z", "expiry": "2020-07-08T07:49:29.853Z"}}, {"model": "knox.authtoken", "pk": "3ba99da25e184535edcc15562c03d2542885ce12ba5d8ab5ed75485afc49612b617613f5ada4797ffa022f9993922d23f96e39fd0f52af88ffd6a5999742a0b5", "fields": {"token_key": "2bbaab0a", "salt": "9d51f95487f97072", "user": 8, "created": "2020-07-07T21:58:44.171Z", "expiry": "2020-07-08T07:58:44.170Z"}}, {"model": "knox.authtoken", "pk": "4a12ee0a2e36636442dcef085de2711cd130175718f3578854de642357182bbfa55bbd8aca4cf5213692bcc6540d04b083c15b52ee8a7cf1e87ed922581834d3", "fields": {"token_key": "aa4382f6", "salt": "cc1c020575119de8", "user": 9, "created": "2020-07-07T22:03:39.465Z", "expiry": "2020-07-08T08:03:39.465Z"}}, {"model": "knox.authtoken", "pk": "ab0f7fcf2720f69504d2b9bad59f3ab8636ba5176daa73947ca701214a92439d1b7ed84d600a58789c4f01d02e9ef28f507bb9dc481929eba8284f57c4db86e8", "fields": {"token_key": "b52dde3c", "salt": "dec9699c98a5af95", "user": 10, "created": "2020-07-07T22:20:13.999Z", "expiry": "2020-07-08T08:20:13.999Z"}}, {"model": "knox.authtoken", "pk": "d8210ed3f00366c3c89256016c583d8aabe55d52a92deb98da58da4a71bde5e3aa677f73cc9f5123fc773c063b3ed0f50e5fc26cce946606029873d4e6147802", "fields": {"token_key": "5a3ba2dd", "salt": "e8d97750791cc77b", "user": 10, "created": "2020-07-07T22:19:40.258Z", "expiry": "2020-07-08T08:19:40.258Z"}}, {"model": "knox.authtoken", "pk": "dd50272ecab6d60b6c2a2539f5e186599f868ab36d140de21f5cca0703bfa70f9c229dd47f368da333e30514585ab37e414d52ef6d88b9caef56589fc072add3", "fields": {"token_key": "e90c8828", "salt": "1c3396c5edbf13ee", "user": 7, "created": "2020-07-07T21:51:18.433Z", "expiry": "2020-07-08T07:51:18.433Z"}}, {"model": "knox.authtoken", "pk": "e9dc87b50646d02d5156d334bdcefe1c0d05023f2573f5ec39f8bd68a4927da037c387c54283ad1038fce37475e4f92a71efbcb1662244bc5254b6933c286f9f", "fields": {"token_key": "1b207f4f", "salt": "c3ea30680e83783d", "user": 11, "created": "2020-07-07T22:31:51.225Z", "expiry": "2020-07-08T08:31:51.224Z"}}, {"model": "knox.authtoken", "pk": "f2395a45528266e0041d0fb8dee1775767782a666e79761f664ad255e1f67b12409bf3d001b47f89c402720611c6835f7155e5ed423c30437d23cd72ce7c4162", "fields": {"token_key": "fed0bfd6", "salt": "0b489a90624dad0d", "user": 6, "created": "2020-07-07T21:45:34.063Z", "expiry": "2020-07-08T07:45:34.062Z"}}, {"model": "knox.authtoken", "pk": "f7bb2376b51745ae4f57483f821133c9c682464d58a887ba88b7727fac8bc14c5fe982024be5b6615a8cee7763907153101e7e8b583f154a6daee277bd7a6d83", "fields": {"token_key": "71faa05a", "salt": "2fa01a949f7d42b4", "user": 6, "created": "2020-07-07T21:38:07.427Z", "expiry": "2020-07-08T07:38:07.427Z"}}, {"model": "admin.logentry", "pk": 1, "fields": {"action_time": "2020-07-02T14:39:53.496Z", "user": 1, "content_type": 9, "object_id": "d51f64c9ceb8602cde79ee05050e912f47baf1e5", "object_repr": "d51f64c9ceb8602cde79ee05050e912f47baf1e5", "action_flag": 1, "change_message": "[{\"added\": {}}]"}}, {"model": "admin.logentry", "pk": 2, "fields": {"action_time": "2020-07-02T17:14:24.481Z", "user": 1, "content_type": 8, "object_id": "1", "object_repr": "id: 1 id_user: 4 Citlalli Su\u00e1rez available: True", "action_flag": 1, "change_message": "[{\"added\": {}}]"}}, {"model": "admin.logentry", "pk": 3, "fields": {"action_time": "2020-07-02T17:17:05.475Z", "user": 1, "content_type": 8, "object_id": "1", "object_repr": "id: 1 id_user: 4 Citlalli Su\u00e1rez available: True", "action_flag": 2, "change_message": "[]"}}, {"model": "admin.logentry", "pk": 4, "fields": {"action_time": "2020-07-02T17:42:28.999Z", "user": 1, "content_type": 8, "object_id": "2", "object_repr": "id: 2 id_user: 7 David from viewset Huerta available: False", "action_flag": 1, "change_message": "[{\"added\": {}}]"}}, {"model": "admin.logentry", "pk": 5, "fields": {"action_time": "2020-07-02T19:36:07.550Z", "user": 1, "content_type": 7, "object_id": "9", "object_repr": "9 Anthony Luque", "action_flag": 2, "change_message": "[{\"changed\": {\"fields\": [\"Name\", \"Lastname\", \"Password\", \"Email\", \"Host\", \"Location\", \"Description\", \"Phone\", \"Active\"]}}]"}}, {"model": "admin.logentry", "pk": 6, "fields": {"action_time": "2020-07-02T19:36:56.454Z", "user": 1, "content_type": 7, "object_id": "8", "object_repr": "8 Jorge Salgado", "action_flag": 2, "change_message": "[{\"changed\": {\"fields\": [\"Name\", \"Lastname\", \"Password\", \"Email\", \"Description\", \"Active\"]}}]"}}, {"model": "admin.logentry", "pk": 7, "fields": {"action_time": "2020-07-02T19:37:27.962Z", "user": 1, "content_type": 7, "object_id": "7", "object_repr": "7 David Huerta", "action_flag": 2, "change_message": "[{\"changed\": {\"fields\": [\"Name\", \"Password\", \"Email\", \"Description\"]}}]"}}, {"model": "admin.logentry", "pk": 8, "fields": {"action_time": "2020-07-02T19:37:59.360Z", "user": 1, "content_type": 7, "object_id": "5", "object_repr": "5 Christian Garc\u00eda", "action_flag": 2, "change_message": "[{\"changed\": {\"fields\": [\"Name\", \"Lastname\", \"Email\", \"Host\", \"Location\", \"Description\"]}}]"}}, {"model": "admin.logentry", "pk": 9, "fields": {"action_time": "2020-07-02T19:38:21.688Z", "user": 1, "content_type": 7, "object_id": "4", "object_repr": "4 Citlalli Su\u00e1rez", "action_flag": 2, "change_message": "[{\"changed\": {\"fields\": [\"Email\", \"Location\", \"Description\"]}}]"}}, {"model": "admin.logentry", "pk": 10, "fields": {"action_time": "2020-07-02T19:39:17.397Z", "user": 1, "content_type": 7, "object_id": "10", "object_repr": "10 Jhon Doe", "action_flag": 1, "change_message": "[{\"added\": {}}]"}}, {"model": "admin.logentry", "pk": 11, "fields": {"action_time": "2020-07-02T19:39:50.496Z", "user": 1, "content_type": 7, "object_id": "11", "object_repr": "11 Tony Ram\u00edrez", "action_flag": 1, "change_message": "[{\"added\": {}}]"}}, {"model": "admin.logentry", "pk": 12, "fields": {"action_time": "2020-07-02T19:40:28.140Z", "user": 1, "content_type": 7, "object_id": "12", "object_repr": "12 Christian Vallejo", "action_flag": 1, "change_message": "[{\"added\": {}}]"}}, {"model": "admin.logentry", "pk": 13, "fields": {"action_time": "2020-07-02T19:40:35.409Z", "user": 1, "content_type": 7, "object_id": "11", "object_repr": "11 Tony Ram\u00edrez", "action_flag": 2, "change_message": "[{\"changed\": {\"fields\": [\"Description\"]}}]"}}, {"model": "admin.logentry", "pk": 14, "fields": {"action_time": "2020-07-02T19:41:07.087Z", "user": 1, "content_type": 7, "object_id": "13", "object_repr": "13 Carlos Huerta", "action_flag": 1, "change_message": "[{\"added\": {}}]"}}, {"model": "admin.logentry", "pk": 15, "fields": {"action_time": "2020-07-02T19:41:31.902Z", "user": 1, "content_type": 7, "object_id": "14", "object_repr": "14 Erick Salgado", "action_flag": 1, "change_message": "[{\"added\": {}}]"}}, {"model": "admin.logentry", "pk": 16, "fields": {"action_time": "2020-07-02T19:43:00.182Z", "user": 1, "content_type": 8, "object_id": "3", "object_repr": "id: 3 id_user: 5 Christian Garc\u00eda available: True", "action_flag": 1, "change_message": "[{\"added\": {}}]"}}, {"model": "admin.logentry", "pk": 17, "fields": {"action_time": "2020-07-02T19:43:45.371Z", "user": 1, "content_type": 8, "object_id": "4", "object_repr": "id: 4 id_user: 8 Jorge Salgado available: True", "action_flag": 1, "change_message": "[{\"added\": {}}]"}}, {"model": "admin.logentry", "pk": 18, "fields": {"action_time": "2020-07-02T19:44:19.594Z", "user": 1, "content_type": 8, "object_id": "5", "object_repr": "id: 5 id_user: 10 Jhon Doe available: True", "action_flag": 1, "change_message": "[{\"added\": {}}]"}}, {"model": "admin.logentry", "pk": 19, "fields": {"action_time": "2020-07-02T19:44:57.517Z", "user": 1, "content_type": 8, "object_id": "6", "object_repr": "id: 6 id_user: 11 Tony Ram\u00edrez available: False", "action_flag": 1, "change_message": "[{\"added\": {}}]"}}, {"model": "admin.logentry", "pk": 20, "fields": {"action_time": "2020-07-02T19:45:24.704Z", "user": 1, "content_type": 8, "object_id": "7", "object_repr": "id: 7 id_user: 12 Christian Vallejo available: False", "action_flag": 1, "change_message": "[{\"added\": {}}]"}}, {"model": "admin.logentry", "pk": 21, "fields": {"action_time": "2020-07-02T19:45:48.474Z", "user": 1, "content_type": 8, "object_id": "8", "object_repr": "id: 8 id_user: 13 Carlos Huerta available: False", "action_flag": 1, "change_message": "[{\"added\": {}}]"}}, {"model": "admin.logentry", "pk": 22, "fields": {"action_time": "2020-07-02T19:46:30.746Z", "user": 1, "content_type": 8, "object_id": "9", "object_repr": "id: 9 id_user: 14 Erick Salgado available: True", "action_flag": 1, "change_message": "[{\"added\": {}}]"}}, {"model": "admin.logentry", "pk": 23, "fields": {"action_time": "2020-07-02T19:47:02.580Z", "user": 1, "content_type": 8, "object_id": "10", "object_repr": "id: 10 id_user: 9 Anthony Luque available: True", "action_flag": 1, "change_message": "[{\"added\": {}}]"}}, {"model": "admin.logentry", "pk": 24, "fields": {"action_time": "2020-07-02T19:47:14.889Z", "user": 1, "content_type": 8, "object_id": "11", "object_repr": "id: 11 id_user: 9 Anthony Luque available: True", "action_flag": 1, "change_message": "[{\"added\": {}}]"}}, {"model": "admin.logentry", "pk": 25, "fields": {"action_time": "2020-07-06T21:34:08.951Z", "user": 1, "content_type": 4, "object_id": "3", "object_repr": "anthony", "action_flag": 1, "change_message": "[{\"added\": {}}]"}}, {"model": "admin.logentry", "pk": 26, "fields": {"action_time": "2020-07-06T21:35:08.602Z", "user": 1, "content_type": 4, "object_id": "3", "object_repr": "anthony", "action_flag": 2, "change_message": "[{\"changed\": {\"fields\": [\"First name\", \"Last name\", \"Email address\"]}}]"}}, {"model": "admin.logentry", "pk": 27, "fields": {"action_time": "2020-07-06T21:35:36.765Z", "user": 1, "content_type": 4, "object_id": "4", "object_repr": "betotoro", "action_flag": 1, "change_message": "[{\"added\": {}}]"}}, {"model": "admin.logentry", "pk": 28, "fields": {"action_time": "2020-07-06T21:35:58.834Z", "user": 1, "content_type": 4, "object_id": "4", "object_repr": "betotoro", "action_flag": 2, "change_message": "[{\"changed\": {\"fields\": [\"First name\", \"Email address\", \"Superuser status\"]}}]"}}, {"model": "admin.logentry", "pk": 29, "fields": {"action_time": "2020-07-06T21:36:11.620Z", "user": 1, "content_type": 4, "object_id": "5", "object_repr": "migue", "action_flag": 1, "change_message": "[{\"added\": {}}]"}}, {"model": "admin.logentry", "pk": 30, "fields": {"action_time": "2020-07-06T21:36:26.246Z", "user": 1, "content_type": 4, "object_id": "5", "object_repr": "migue", "action_flag": 2, "change_message": "[{\"changed\": {\"fields\": [\"First name\", \"Email address\", \"Superuser status\"]}}]"}}, {"model": "admin.logentry", "pk": 31, "fields": {"action_time": "2020-07-06T21:36:46.138Z", "user": 1, "content_type": 4, "object_id": "3", "object_repr": "anthony", "action_flag": 2, "change_message": "[{\"changed\": {\"fields\": [\"Superuser status\"]}}]"}}]